857088;https://www.youtube.com/watch?v=F5NaqGF9oT4
857092;https://www.youtube.com/watch?v=E4f5PyNmGLo
814508;https://www.youtube.com/watch?v=NcAW-FZtpzk
814689;https://www.youtube.com/watch?v=WTWW7OOHQIw
793515;https://www.youtube.com/watch?v=5lkZj4v4-ks
793888;https://www.youtube.com/watch?v=mQhtLCMiUMA
795861;https://www.youtube.com/watch?v=bkd6EAPIVe0
786515;https://www.youtube.com/watch?v=kIEBQ_czdxs
762779;https://www.youtube.com/watch?v=IUrA3mDSWZQ
794504;https://www.youtube.com/watch?v=Hy5TOyDDics
795179;https://www.youtube.com/watch?v=QExksqeNWbY
800713;https://www.youtube.com/watch?v=9KdP2idt6LE
867231;https://www.youtube.com/watch?v=D3hCBrxJHLo
812350;https://www.youtube.com/watch?v=434WFSiYj9k
792910;https://www.youtube.com/watch?v=zBgb0z1pQkM
795318;https://www.youtube.com/watch?v=ufQvrZmQw_I
793244;https://www.youtube.com/watch?v=qpM3_ymNkP8
779171;https://www.youtube.com/watch?v=JKLqQiYh8GQ
793302;https://www.youtube.com/watch?v=z-u99yZFn5o
796310;https://www.youtube.com/watch?v=M9Nni0Qywyo
800297;https://www.youtube.com/watch?v=YKTlW8Qkj0w
774874;https://www.youtube.com/watch?v=XcxqhmG_bdg
795195;https://www.youtube.com/watch?v=bKwdgMKyFOY
816767;https://www.youtube.com/watch?v=a8uMQk4R6jQ
779829;https://www.youtube.com/watch?v=Q4oj9fkaDCs
836755;https://www.youtube.com/watch?v=Zw7eJFciwXg
856501;https://www.youtube.com/watch?v=O8WQCrdza8E
795897;https://www.youtube.com/watch?v=PW_qc6EUBQE
794336;https://www.youtube.com/watch?v=fv-vw1huJ-4
783886;https://www.youtube.com/watch?v=UebhKUdO2sQ
793235;https://www.youtube.com/watch?v=3vaAVtnrzAM
885501;https://www.youtube.com/watch?v=JxTIZAEos8Y
793709;https://www.youtube.com/watch?v=vewgb-vyJME
795839;https://www.youtube.com/watch?v=vMNCAryfJys
800068;https://www.youtube.com/watch?v=57Ed70ROmm4
795976;https://www.youtube.com/watch?v=hxEM5J6QfLY
812314;https://www.youtube.com/watch?v=2Vp2QeBZkfo
812209;https://www.youtube.com/watch?v=ojuBhKRzyL8
796169;https://www.youtube.com/watch?v=FXGT6HbBXNw
779345;https://www.youtube.com/watch?v=4A6aLK2KznU
858141;https://www.youtube.com/watch?v=5Sc3Qdb0XoQ
781372;https://www.youtube.com/watch?v=9P7qUGi5_gc
797367;https://www.youtube.com/watch?v=dcgwPpVT74g
795941;https://www.youtube.com/watch?v=sDA28kH6AIc
795620;https://www.youtube.com/watch?v=n0LpCCv3VEY
788999;https://www.youtube.com/watch?v=qJB5iX2cOu0
799261;https://www.youtube.com/watch?v=QTX5_JV4TVU
779451;https://www.youtube.com/watch?v=HSIhkB5bGJs
759131;https://www.youtube.com/watch?v=OuX5325yq_I
788419;https://www.youtube.com/watch?v=P0mo8Tzrapo
774286;https://www.youtube.com/watch?v=vWIDRH6aQfI
812400;https://www.youtube.com/watch?v=RJtiFt5pbfs
794830;https://www.youtube.com/watch?v=xgfeqj8UyVA
795546;https://www.youtube.com/watch?v=QSoG8OaCSgw
857571;https://www.youtube.com/watch?v=bC_grxuSO08
811578;https://www.youtube.com/watch?v=clDGqPfaIto
795023;https://www.youtube.com/watch?v=lcqtRQ5Fou8
787545;https://www.youtube.com/watch?v=OyEfB6Q4Y0s
795778;https://www.youtube.com/watch?v=2Eyq1VhBxUg
856531;https://www.youtube.com/watch?v=-CznWwKD-WE
793518;https://www.youtube.com/watch?v=z_IO2_XeW2Q
811915;https://www.youtube.com/watch?v=K2PN03AepC0
796359;https://www.youtube.com/watch?v=n6egwuOnGuk
786540;https://www.youtube.com/watch?v=AlGWsTXnWsY
798313;https://www.youtube.com/watch?v=KEsVNrzPf24
792693;https://www.youtube.com/watch?v=l7alNC819MU
800400;https://www.youtube.com/watch?v=rKbM3e0OidI
784566;https://www.youtube.com/watch?v=O0BqoLcRuJI
796464;https://www.youtube.com/watch?v=eryPIdJjBgk
811421;https://www.youtube.com/watch?v=jDz_yNZkEzk
774210;https://www.youtube.com/watch?v=6jZa4B-If-I
904371;https://www.youtube.com/watch?v=Jyj4kdK8a6o
791121;https://www.youtube.com/watch?v=SwNTpgp262o
787342;https://www.youtube.com/watch?v=uGgK0F3cLEI
792742;https://www.youtube.com/watch?v=PY7eOmnOK3s
782203;https://www.youtube.com/watch?v=oRKytkr2FOY
